class,image_count,peak_radius_mean,peak_radius_std,weighted_radius_mean,weighted_radius_std,area_under_curve_mean,area_under_curve_std,final_retention_mean,final_retention_std
brown_bread,20,1.0,0.0,9.454423952102662,0.3578331765733028,13.635238885879517,1.7615067442434418,0.5569567576050758,0.11539434399442901
orange_peel,20,1.0,0.0,10.290137147903442,0.045363462399988806,17.38239116668701,0.41116250212948124,0.8723673850297928,0.02927506549461313
sponge,20,1.0,0.0,9.770589685440063,0.33880408561287406,14.581248331069947,2.0529589923345926,0.6462783709168434,0.1397832362999393
